	gold	pred	comp_type
0	politik_darstellerin	politik_darstellerin	common
1	schlacht_vorgang	schlacht_vorgang	common
2	sound_shuttle		common
3	inventur_erstellung	inventurerstellung	common
4	gips_bild	gips_bild	common
5	rausch_tritt	rausch_tritt	common
6	knie_kuhle	knie_kuhle	common
7	kostüm_spezialist	kostüm_spezialist	common
8	torf_untergrund	torf_untergrund	common
9	aufnahme_regel	aufnahme_regel	common
10	meer_blume	meer_blume	common
11	gas_welle	gas_welle	common
12	zeit_ansatz	zeit_ansatz	common
13	pionier_bereich	pionier_bereich	common
14	fahrrad_versicherer	fahrrad_versicherer	common
15	fahrer_engpass	fahrer_engpass	common
16	finger_bedienung	finger_bedienung	common
17	lipid_transport	lipid_transport	common
18	kälte_schrank	kälte_schrank	common
19	schinken_spezialität	schinkenspezialität	common
20	schaum_folie	schaum_folie	common
21	leser_steuerung	leser_steuerung	common
22	nachbar_kolonne	nachbar_kolonne	common
23	quartier_gespräch	quartier_gespräch	common
24	neon_nazi	neon_nazi	common
25	macht_form	macht_form	common
26	welt_konstitution	welt_konstitution	common
27	zeh_prellung	zeh_prellung	common
28	generator_aufbau	generator_aufbau	common
29	web_pinguin	web_pinguin	common
30	welt_emission	weltemission	common
31	insulin_effekt	insulin_effekt	common
32	teil_rechung	teil_rechung	common
33	bonus_kriterium	bonus_kriterium	common
34	haupt_übersetzerin	haupt_übersetzerin	common
35	kraft_wurf	kraft_wurf	common
36	ringer_fest	ringer_fest	common
37	treuhand_mitarbeiter	treuhand_mitarbeiter	common
38	polit_serie	polit_serie	common
39	parameter_darstellung	parameter_darstellung	common
40	jahrtausend_ziel	jahrtausend_ziel	common
41	wasser_liberalisierung	wasser_liberalisierung	common
42	show_highlight	show_highlight	common
43	organisation_+s_verantwortung	organisation_+s_verantwortung	common
44	lösung_+s_zutritt	lösung_+s_zutritt	common
45	navigation_+s_werkzeug	navigation_+s_werkzeug	common
46	arbeit_+s_formel	arbeit_+s_formel	common
47	vermögen_+s_veraltung	vermögen_+s_veraltung	common
48	ort_+s_wähler	orts_wähler	common
49	könig_+s_reihe	könig_+s_reihe	common
50	tag_+es_besuch	tag_+es_besuch	common
51	rotation_+s_stellung	rotation_+s_stellung	common
52	planung_+s_optimismus	planung_+s_optimismus	common
53	leistung_+s_voraussetzung	leistung_+s_voraussetzung	common
54	krankheit_+s_ursache	krankheit_+s_ursache	common
55	schulung_+s_container	schulung_+s_container	common
56	vermarktung_+s_management	vermarktung_+s_management	common
57	eingriff_+s_regel	eingriff_+s_regel	common
58	krieg_+s_gemeinschaft	krieg_+s_gemeinschaft	common
59	zukunft_+s_materialien	zukunft_+s_materialien	common
60	schraube_+n_galeere	schraube_+n_galeere	common
61	schuld_+en_menge	schulden_menge	common
62	briefmarke_+n_frankatur	briefmarke_+n_frankatur	common
63	instrument_+en_zauber	instrument_+en_zauber	common
64	nomade_+n_gesellschaft	nomade_+n_gesellschaft	common
65	favorit_+en_frage	favorit_+en_frage	common
66	fuge_+n_begrünung	fuge_+n_begrünung	common
67	schlacht_+en_geschick	schlacht_+en_geschick	common
68	ente_+n_attrappe	ente_+n_attrappe	common
69	violine_-e_tradition	violin_tradition	common
70	adresse_-e_akt	adresse_-e_akt	common
71	sprache_-e_kundigkeit	sprache_-e_kundigkeit	common
72	ersatzteil_+e_lieferung	ersatzteil_+e_lieferung	common
73	tod_+e_schrei	todeschrei	common
74	gerücht_+e_thread	gerüchte_thread	common
75	geist_+er_feier	geist_+er_feier	common
76	bild_+er_nummer	bilder_nummer	common
77	schild_+er_präger	schilder_präger	common
78	huhn_+=er_kenner	huhn_+=er_kenner	common
79	land_+=er_reihe	land_+=er_reihe	common
80	kraut_+=er_umschlag	kräuter_umschlag	common
81	anhang_+=e_last	anhäng_+e_last	common
82	gast_+=e_bericht	gast_+=e_bericht	common
83	maus_+=e_sack	maus_+=e_sack	common
84	name_+ns_ehrung	name_+ns_ehrung	common
85	name_+ns_verkündung	name_+ns_verkündung	common
86	glaube_+ns_neuerung	glauben_+s_neuerung	common
87	nautilus_schnecke	nautilus_schnecke	infrequent
88	antibiotikum_behandlung	antibiotikum_behandlung	infrequent
89	wegerich_bär	wegerich_bär	infrequent
90	ambrosia_allergie	ambrosia_allergie	infrequent
91	aperitif_bar	aperitif_bar	infrequent
92	yucca_pflanze	yucca_pflanze	infrequent
93	stoffel_berg	stoffel_berg	infrequent
94	taft_stoff	taft_stoff	infrequent
95	synonym_ring	synonym_ring	infrequent
96	prinzessin_kostüm	prinzessin_kostüm	infrequent
97	sauerampfer_salat	sauerampfer_salat	infrequent
98	hellseher_fähigkeit	hellseher_fähigkeit	infrequent
99	geck_pate	geck_pate	infrequent
100	kombinat_+s_gebäude	kombinat_+s_gebäude	infrequent
101	rueckschlag_+s_potential	rueckschlag_+s_potential	infrequent
102	anpflanzung_+s_gebot	anpflanzung_+s_gebot	infrequent
103	biegung_+s_radius	biegung_+s_radius	infrequent
104	annullation_+s_gebühr	annullation_+s_gebühr	infrequent
105	garant_+en_pflicht	garant_+en_pflicht	infrequent
106	feuerwaffe_+n_verordnung	feuerwaffe_+n_verordnung	infrequent
107	spürnase_+n_aktion	spürnase_+n_aktion	infrequent
108	einöde_-e_kirche	einödkirche	infrequent
109	einöde_-e_standort	einödstandort	infrequent
110	spinnwebe_-e_haut	spinnwebhaut	infrequent
111	perlit_+e_füllung	perlit_+e_füllung	infrequent
112	stueck_+e_lunge	stueckelunge	infrequent
113	eckwert_+e_papier	eckwert_+e_papier	infrequent
114	koern_+er_futter	koernerfutter	infrequent
115	biest_+er_berg	biester_berg	infrequent
116	biest_+er_mann	biest_+er_mann	infrequent
117	truthuhn_+=er_bestand	truthühner_bestand	infrequent
118	besitztum_+=er_liste	besitztum_+=er_liste	infrequent
119	gemeingut_+=er_debatte	gemeingut_+=er_debatte	infrequent
120	einwand_+=e_formular	einwand_+=e_formular	infrequent
121	abhang_+=e_system	abhänge_system	infrequent
122	abhang_+=e_höhe	abhang_+=e_höhe	infrequent
123	aberglaube_+ns_vorwurf	aberglauben_+s_vorwurf	infrequent
124	aberglaube_+ns_form	aberglauben_+s_form	infrequent
125	aberglaube_+ns_begriff	aberglauben_+s_begriff	infrequent
126	aramäer_könig	aramäer_könig	hapax_legomena
127	handtäschchen_träger	handtäschchen_träger	hapax_legomena
128	remischen_stein	remisch_+en_stein	hapax_legomena
129	beteuerung_+s_formel	beteuerung_+s_formel	hapax_legomena
130	rückleitung_+s_spesen	rückleitung_+s_spesen	hapax_legomena
131	dormitorium_+s_treppe	dormitorium_+s_treppe	hapax_legomena
132	schänke_+n_wirt	schänke_+n_wirt	hapax_legomena
133	papyrologe_+n_tag	papyrologe_+n_tag	hapax_legomena
134	tsetsefliege_+n_mann	tsetsefliege_+n_mann	hapax_legomena
135	genosse_-e_innenschaft	genossinnenschaft	hapax_legomena
136	flueg_+e_lende	fluegelende	hapax_legomena
137	spruech_+e_klopfer	spruecheklopfer	hapax_legomena
138	gaeng_+e_viertel	gaengeviertel	hapax_legomena
139	raed_+er_werk	raederwerk	hapax_legomena
140	findelkind_+er_haus	findelkind_+er_haus	hapax_legomena
141	glaes_+er_ruecken	glaeserruecken	hapax_legomena
142	sammel_+ns_wert	sammeln_+s_wert	hapax_legomena
143	unglaube_+ns_bekenntnis	unglauben_+s_bekenntnis	hapax_legomena
144	kind_+er_arzt	kinder_arzt	allomorphic_fc
145	kind_+es_alter	kind_+es_alter	allomorphic_fc
146	kind_+s_tod	kind_+s_tod	allomorphic_fc
147	kind_bett	kind_bett	allomorphic_fc
148	mann_deckung	mann_deckung	allomorphic_fc
149	mann_+=er_beruf	mann_+=er_beruf	allomorphic_fc
150	mann_+es_kraft	mann_+es_kraft	allomorphic_fc
151	mann_+s_volk	mann_+s_volk	allomorphic_fc
152	mensch_werdung	mensch_werdung	allomorphic_fc
153	mensch_+en_affe	mensch_+en_affe	allomorphic_fc
154	mensch_+ens_kind	menschen_+s_kind	allomorphic_fc
155	schwein_+e_fleisch	schwein_+e_fleisch	allomorphic_fc
156	schwein_kram	schwein_kram	allomorphic_fc
157	schwein_+s_galopp	schwein_+s_galopp	allomorphic_fc
158	maus_klick	maus_klick	allomorphic_fc
159	maus_+e_falle	maus_+e_falle	allomorphic_fc
160	maus_+=e_falle	maus_+=e_falle	allomorphic_fc
161	hund_katze	hund_katze	invented
162	hund_+e_katze	hundekatze	invented
163	hund_+s_katze	hund_+s_katze	invented
164	erde_-e_ei	erd_ei	invented
165	erde_ei	erde_ei	invented
166	erde_+n_ei	erde_+n_ei	invented
167	pferd_wolke	pferd_wolke	invented
168	pferd_+e_wolke	pferde_wolke	invented
169	katze_hund	katze_hund	invented
170	katze_+n_hund	katze_+n_hund	invented
171	ei_erde	eierde	invented
172	ei_+er_erde	eier_erde	invented
173	schwein_frosch	schwein_frosch	invented
174	schwein_+e_frosch	schwein_+e_frosch	invented
175	schwein_+s_frosch	schwein_+s_frosch	invented
176	maus_elefant	mauselefant	invented
177	maus_+e_elefant	maus_+e_elefant	invented
178	schaf_wolke	schaf_wolke	invented
179	schaf_+s_wolke	schaf_+s_wolke	invented
180	huhn_fuchs	huhn_fuchs	invented
181	huhn_+=er_fuchs	huhn_+=er_fuchs	invented
182	elefant_erdbeere	elefanterdbeere	invented
183	elefant_+en_erdbeere	elefant_+en_erdbeere	invented
184	münz_-e_knopf	münze_-e_knopf	invented
185	münze_+n_knopf	münze_+n_knopf	invented
186	gans_würfel	gans_würfel	invented
187	gans_=e_würfel	gans=ewürfel	invented
188	birne_-e_bus	birne_-e_bus	invented
189	birne_+n_bus	birne_+n_bus	invented
190	hahn_hund	hahn_hund	invented
191	hahn_+en_hund	hahn_+en_hund	invented
192	krokodil_ente	krokodilente	invented
193	krokodil_+s_ente	krokodilsente	invented
194	papagei_krokodil	papagei_krokodil	invented
195	papagei_+en_krokodil	papagei_+en_krokodil	invented
196	bär_hund	bär_hund	invented
197	bär_+en_hund	bär_+en_hund	invented
198	strauß_palme	strauß_palme	invented
199	strauß_+en_palme	strauß_+en_palme	invented
200	pfau_palme	pfau_palme	invented
201	pfau_+en_palme	pfau_+en_palme	invented
202	schwan_trompete	schwan_trompete	invented
203	schwan_+en_trompete	schwane_+n_trompete	invented
204	alligator_ente	alligator_ente	invented
205	alligator_+en_ente	alligator_+en_ente	invented
206	erdbeere_-e_ananas	erdbeere_-e_ananas	invented
207	erdbeere_+n_ananas	erdbeere_+n_ananas	invented
